<?xml version="1.0" encoding="UTF-8"?>
<suite name = "GMAIL_PPT SUITE">



<test name = "TC_001">
<classes>
<class name ="TestCases_GMAIL.TC_AllMenu"></class>
</classes>
</test>

<test name = "TC_002">
<classes>
<class name ="TestCases_GMAIL.TC_Compose"></class>
</classes>
</test>

<test name = "TC_003">
<classes>
<class name ="TestCases_GMAIL.TC_InboX"></class>
</classes>
</test>

<test name = "TC_004">
<classes>
<class name ="TestCases_GMAIL.TC_MultiMSG"></class>
</classes>
</test>

<test name = "TC_005">
<classes>
<class name ="TestCases_GMAIL.TC_SentBoX"></class>
</classes>
</test>

<test name = "TC_006">
<classes>
<class name ="TestCases_GMAIL.TC_SearchBoX"></class>
</classes>
</test>

<test name = "TC_007">
<classes>
<class name ="TestCases_GMAIL.TC_ReplyFrwD"></class>
</classes>
</test>

<test name = "TC_008">
<classes>
<class name ="TestCases_GMAIL.TC_Draftbox"></class>
</classes>
</test>

<test name = "TC_009">
<classes>
<class name ="TestCases_GMAIL.TC_AllMail"></class>
</classes>
</test>

<test name = "TC_010">
<classes>
<class name ="TestCases_GMAIL.TC_SearchMsg"></class>
</classes>
</test>























</suite>